KELLY BRYARLY,KELLY BRYARLY (),1800/1800 Singles/Doubles Points AMATEUR
KELLY CARTER,KELLY CARTER (FL),1800/1800 Singles/Doubles Points AMATEUR
KELLY CHRISTENSEN,KELLY CHRISTENSEN (ID),1800/1800 Singles/Doubles Points AMATEUR
KELLY COOPER,KELLY COOPER (LA),1800/1800 Singles/Doubles Points AMATEUR
KELLY DAY,KELLY DAY (KY),1800/1800 Singles/Doubles Points AMATEUR
Kelly Duncan,Kelly Duncan (NC),1182/1182 Singles/Doubles Points ROOKIE
KELLY E. STEWART,KELLY E. STEWART (TX),1800/1800 Singles/Doubles Points AMATEUR
KELLY EICHINGER,KELLY EICHINGER (IL),1800/1800 Singles/Doubles Points AMATEUR
KELLY FOWLER,KELLY FOWLER (GA),1800/1800 Singles/Doubles Points AMATEUR
KELLY GILBERT,KELLY GILBERT (MD),1182/1182 Singles/Doubles Points ROOKIE
KELLY GILLIS,KELLY GILLIS (SD),2021/1821 Singles/Doubles Points EXPERT
KELLY GOOSMAN,KELLY GOOSMAN (IA),1800/1800 Singles/Doubles Points AMATEUR
Kelly Grizzle,Kelly Grizzle (IL),811/801 Singles/Doubles Points BEGINNER
KELLY HASNER,KELLY HASNER (IA),1800/1800 Singles/Doubles Points AMATEUR
KELLY HEBERT,KELLY HEBERT (LA),1800/1800 Singles/Doubles Points AMATEUR
KELLY HILL,KELLY HILL (TX),1182/1182 Singles/Doubles Points ROOKIE
KELLY HODGES,KELLY HODGES (NC),801/801 Singles/Doubles Points BEGINNER
KELLY JO BURGER,KELLY JO BURGER (),1800/1800 Singles/Doubles Points AMATEUR
KELLY JONES,KELLY JONES (TX),1800/1800 Singles/Doubles Points AMATEUR
KELLY KEEN,KELLY KEEN (TX),1800/1800 Singles/Doubles Points AMATEUR
KELLY KEESEE,KELLY KEESEE (CO),1800/1800 Singles/Doubles Points AMATEUR
KELLY LARSON,KELLY LARSON (OK),1800/1800 Singles/Doubles Points AMATEUR
KELLY LOVERUD,KELLY LOVERUD (WI),1800/1800 Singles/Doubles Points AMATEUR
KELLY MEARK,KELLY MEARK (CA),1800/1800 Singles/Doubles Points AMATEUR
KELLY MILLION,KELLY MILLION (FL),1800/1800 Singles/Doubles Points AMATEUR
KELLY MOORE,KELLY MOORE (MA),1182/1182 Singles/Doubles Points ROOKIE
Kelly Murphy,Kelly Murphy (CO),801/801 Singles/Doubles Points BEGINNER
KELLY NASH,KELLY NASH (NY),1800/1800 Singles/Doubles Points AMATEUR
kelly obrien,kelly obrien (KY),1182/1182 Singles/Doubles Points ROOKIE
KELLY PHILLIPS,KELLY PHILLIPS (TX),1800/1800 Singles/Doubles Points AMATEUR
KELLY RABENORT,KELLY PHILLIPS (TX),1800/1800 Singles/Doubles Points AMATEUR
KELLY RETZLAFF,KELLY RABENORT (IL),1800/1800 Singles/Doubles Points AMATEUR
KELLY RICHARD,KELLY RICHARD (LA),1800/1800 Singles/Doubles Points AMATEUR
KELLY ROSS,KELLY ROSS (CA),1800/1800 Singles/Doubles Points AMATEUR
