name,name/state,ranking
Raphael Hampel,Raphael Hampel (DE),3253/2468 Singles/Doubles Points PRO
JEFFERY IGE JUNIO,JEFFERY IGE JUNIOR (CA),2003/1660 Singles/Doubles Points EXPERT
JORGE ALFARO,JORGE ALFARO (CR),2450/2010 Singles/Doubles Points EXPERT
Alain Windmolders,JORGE ALFARO (CR),2450/2010 Singles/Doubles Points EXPERT
Ab Alharbi,Alain Windmolders (BE),2311/1990 Singles/Doubles Points EXPERT
Alex Romero,Alex Romero (CO),1487/1863 Singles/Doubles Points AMATEUR
Scott Hale,Scott Hale (AR),2098/1893 Singles/Doubles Points EXPERT
BRYAN HENDRICKS,BRYAN HENDRICKS (AZ),1816/1868 Singles/Doubles Points AMATEUR
JOHN HOWARD,JOHN HOWARD (UT),1863/2138 Singles/Doubles Points EXPERT
DERIC ROTHE,DERIC ROTHE (CA),1836/1936 Singles/Doubles Points AMATEUR
Michael Locken,Michael Locken (CAN),1160/1531 Singles/Doubles Points AMATEUR
Jona Greve,Jona Greve (DE),1924/2215 Singles/Doubles Points EXPERT
Michele Nasti,Michele Nasti (IT),1821/1927 Singles/Doubles Points AMATEUR
XAVIER CONTRERAS,XAVIER CONTRERAS (CA),1714/1640 Singles/Doubles Points AMATEUR
Scott Sweeting,Scott Sweeting (NY),1515/1713 Singles/Doubles Points AMATEUR
Brian Takeuchi,Brian Takeuchi (WA),801/883 Singles/Doubles Points BEGINNER
Mike DeBuff,"Mike ""Fooser MD"" DeBuff (MT)",1828/1784 Singles/Doubles Points AMATEUR
FRED GOWER,FRED GOWER (CAN),1800/1832 Singles/Doubles Points AMATEUR
Hamdi BEN ZARGUIN,Hamdi BEN ZARGUINE (CA),856/1005 Singles/Doubles Points ROOKIE
FERNANDO MORA,FERNANDO MORA (CR),1856/1816 Singles/Doubles Points AMATEUR
Jason Binder,Jason Binder (IA),1422/1328 Singles/Doubles Points ROOKIE
FLOYD KIKA,FLOYD KIKA (CA),1924/2284 Singles/Doubles Points EXPERT
Yoni Porat,Yoni Porat (CAN),1636/1676 Singles/Doubles Points AMATEUR
Kane Iverson,Kane Iverson (OR),1271/801 Singles/Doubles Points ROOKIE
Carlos Alvez,Kane Iverson (OR),1271/801 Singles/Doubles Points ROOKIE
ANDREI TROK,Carlos Alvez (UY),1816/1764 Singles/Doubles Points AMATEUR
SPENSER TINGEY,SPENSER TINGEY (UT),1533/1990 Singles/Doubles Points AMATEUR
Afshin Mirzazadeh,Afshin Mirzazadeh (AZ),816/1106 Singles/Doubles Points ROOKIE
Sam DiJohn,Sam DiJohn (NY),1684/2233 Singles/Doubles Points EXPERT
MICHAEL MILLER,MICHAEL MILLER (NC),2479/2277 Singles/Doubles Points EXPERT
Nathan CARLSON,Nathan R CARLSON (NE),1290/1740 Singles/Doubles Points AMATEUR
Daniel Kopas,Daniel Kopas (CO),921/1043 Singles/Doubles Points ROOKIE
STEVEN MOSS,STEVEN B MOSS (MN),1969/2021 Singles/Doubles Points EXPERT
Nathan Olson,Nathan Olson (MN),2144/2679 Singles/Doubles Points EXPERT
DANNY VERRET,DANNY VERRET (LA),1808/1800 Singles/Doubles Points AMATEUR
Robert Brown,ROBERT BROWN (CO),1800/1800 Singles/Doubles Points AMATEUR
BILL TODD,BILL TODD (MT),1872/1808 Singles/Doubles Points AMATEUR
PAUL WELLS,PAUL WELLS (CAN),1749/1190 Singles/Doubles Points AMATEUR
Jojo Abbott,Jojo Abbott (OR),1200/1284 Singles/Doubles Points ROOKIE
Stanley CHIU,Stanley CHIU (CAN),1262/1532 Singles/Doubles Points AMATEUR
LIH CHEN,LIH CHEN (CA),1227/1655 Singles/Doubles Points AMATEUR
Tommy Ignoul,Tommy Ignoul (BE),1812/1990 Singles/Doubles Points AMATEUR
SIMEON YEP,SIMEON YEP (CA),1668/1772 Singles/Doubles Points AMATEUR
Rob Harlow,Rob Harlow (CAN),887/887 Singles/Doubles Points BEGINNER
WARNER BLAKE,WARNER BLAKE (MT),1832/1808 Singles/Doubles Points AMATEUR
JARED DRISCOLL,WARNER BLAKE (MT),1832/1808 Singles/Doubles Points AMATEUR
Maryam Aly,JARED DRISCOLL (CA),1800/2075 Singles/Doubles Points EXPERT
Max Malina,Max Malina (CAN),1104/1005 Singles/Doubles Points ROOKIE
DAVID COUNCIL,DAVID J COUNCIL (CO),1820/1993 Singles/Doubles Points AMATEUR
JEFF LEE,JEFF R LEE (OR),1930/2267 Singles/Doubles Points EXPERT
MATTHEW JENKINS,JEFF R LEE (OR),1930/2267 Singles/Doubles Points EXPERT
Jamie To,MATTHEW JENKINS (KY),2016/2390 Singles/Doubles Points EXPERT
RICHARD ROSS,RICHARD ROSS (CA),1904/2251 Singles/Doubles Points EXPERT
Wayne SAUNDERS,Wayne SAUNDERS (VA),1864/1900 Singles/Doubles Points AMATEUR
Mariana Aguero,Mariana Aguero (CR),1300/1300 Singles/Doubles Points 2100/2100 Women's Singles/Doubles Points EXPERT
Brian Eaton,Brian Eaton (CA),1017/1563 Singles/Doubles Points AMATEUR
LEN DEESE,LEN DEESE (GA),1182/1404 Singles/Doubles Points ROOKIE
ROB TROUT,LEN DEESE (GA),1182/1404 Singles/Doubles Points ROOKIE
KYLE TODD,ROB TROUT (CA),1524/1769 Singles/Doubles Points AMATEUR
ALI ESHRAGH,ALI ESHRAGH (CA),1992/2314 Singles/Doubles Points EXPERT
Collen Cole,Collen Cole (CA),1696/2035 Singles/Doubles Points EXPERT
MICHAEL VEIT,MICHAEL VEIT (ID),1816/1800 Singles/Doubles Points AMATEUR
Tommy Brewer,Tommy Brewer (FL),1617/1356 Singles/Doubles Points AMATEUR
Christian Ewing,Christian Ewing (CO),1715/1754 Singles/Doubles Points AMATEUR
Jeff Ries,Jeff Ries (UT),1074/1308 Singles/Doubles Points ROOKIE
PATTI WEIDMAN,PATTI WEIDMAN (WI),1200/1200 Singles/Doubles Points 1840/1912 Women's Singles/Doubles Points AMATEUR
DON CISAR,DON CISAR (WA),1804/1752 Singles/Doubles Points AMATEUR
Mark Brubaker,MARK BRUBAKER JR (CO),3845/3154 Singles/Doubles Points PRO
Kevin Deibert,Kevin Deibert (PA),869/1248 Singles/Doubles Points ROOKIE
Chris Serrao,Chris Serrao (AZ),1186/1288 Singles/Doubles Points ROOKIE
Micah Mckinnon,Micah Mckinnon (UT),1200/2242 Singles/Doubles Points EXPERT
Wolfgang Hampel,Wolfgang Hampel (DE),1580/1668 Singles/Doubles Points AMATEUR
Brent Yates,Brent Yates (CAN),1576/1945 Singles/Doubles Points AMATEUR
Ray Schneider,Ray Schneider (PA),1190/1850 Singles/Doubles Points AMATEUR
GREG SKINNER,GREG SKINNER (NV),1800/1800 Singles/Doubles Points AMATEUR
Andres Esquivel,Andres Esquivel (CR),1240/1536 Singles/Doubles Points AMATEUR
Kevin MIGUES,Kevin MIGUES (LA),1500/1722 Singles/Doubles Points AMATEUR
Summer Zhuang,Summer Zhuang (CN),1816/1816 Singles/Doubles Points 3084/3116 Women's Singles/Doubles Points PRO
TERRY FIGHTMASTER,TERRY FIGHTMASTER (OH),1901/2007 Singles/Doubles Points EXPERT
COSMIN ATANASIU,COSMIN ATANASIU (),800/800 Singles/Doubles Points BEGINNER
STEVE TRAN,STEVE TRAN (KS),1660/1616 Singles/Doubles Points AMATEUR
John Hey,John Hey (CA),800/1475 Singles/Doubles Points ROOKIE
Naveen Veeravalli,Naveen Veeravalli (CA),997/1037 Singles/Doubles Points ROOKIE
JENNY ONG,JENNY ONG (CA),1232/1248 Singles/Doubles Points 2125/1831 Women's Singles/Doubles Points EXPERT
Ryan Rahinel,Ryan Rahinel (OH),1113/1142 Singles/Doubles Points ROOKIE
Jason Lomberg,Jason Lomberg (NJ),839/866 Singles/Doubles Points BEGINNER
Pete Juarez,Pete Juarez (TX),1996/2184 Singles/Doubles Points EXPERT
DEREK MARTIN,DEREK MARTIN (AZ),1808/1644 Singles/Doubles Points AMATEUR
ERIC KIM,ERIC KIM (CA),1232/1450 Singles/Doubles Points ROOKIE
Essa Alhabib,Essa Alhabib (),1540/1508 Singles/Doubles Points AMATEUR
Min Wu,Min Wu (CA),942/1460 Singles/Doubles Points ROOKIE
Adrian Lopez,Adrian Lopez (CA),1005/1229 Singles/Doubles Points ROOKIE
Saud ALYASEEN,Saud ALYASEEN (KW),1856/2407 Singles/Doubles Points EXPERT
Einer Langelett,Einer Langelett (MN),800/800 Singles/Doubles Points BEGINNER
Chris Meintel,"Chris ""Doc"" R Meintel (IN)",1776/1784 Singles/Doubles Points AMATEUR
Iowa SHERRY,Iowa SHERRY (CA),800/800 Singles/Doubles Points BEGINNER
ERIN EUSTANCE,ERIN EUSTANCE (UT),1652/1676 Singles/Doubles Points AMATEUR
Shell McMillian,Shell McMillian (CO),801/824 Singles/Doubles Points BEGINNER
craig cook,craig cook (CAN),1005/821 Singles/Doubles Points ROOKIE
Joe Eatherly,Joe Eatherly (TX),1200/1216 Singles/Doubles Points ROOKIE
John Scully,John Scully (AZ),1936/2295 Singles/Doubles Points EXPERT
CHABREE LEE,CHABREE LEE (OR),801/943 Singles/Doubles Points 843/847 Women's Singles/Doubles Points BEGINNER
Scott Sailor,Scott Sailor (NY),1208/1423 Singles/Doubles Points ROOKIE
BRAD BAXLEY,BRAD BAXLEY (CA),1772/1800 Singles/Doubles Points AMATEUR
Campbell MACDONALD,Campbell MACDONALD (IN),888/1115 Singles/Doubles Points ROOKIE
Chris Acosta,Chris Acosta (CA),1000/1631 Singles/Doubles Points AMATEUR
Ciprian Tanase,Ciprian Tanase (RO),1808/1820 Singles/Doubles Points AMATEUR
Bharath Hariharan,Bharath Hariharan (CA),817/1145 Singles/Doubles Points ROOKIE
ROBERT SO,ROBERT SO (CA),1816/1800 Singles/Doubles Points AMATEUR
Daniel Kimber,Daniel Kimber (CAN),801/801 Singles/Doubles Points BEGINNER
ANDREW PACKER,ANDREW PACKER (CAN),800/800 Singles/Doubles Points BEGINNER
HEATHER GENTER,HEATHER GENTER (CO),1913/1952 Singles/Doubles Points 2446/2364 Women's Singles/Doubles Points EXPERT
DAVID BRADY,DAVID BRADY (TX),1608/1612 Singles/Doubles Points AMATEUR
Peter Games,Peter Games (ID),800/800 Singles/Doubles Points BEGINNER
FRANK MARTINEZ,FRANK MARTINEZ (NM),1896/1969 Singles/Doubles Points AMATEUR
Danijel Tomic,Danijel Tomic (NV),1186/1068 Singles/Doubles Points ROOKIE
GERARDO VALENCIANO,GERARDO VALENCIANO (CR),1832/1780 Singles/Doubles Points AMATEUR
Lance Lederer,Lance Lederer (UT),1026/843 Singles/Doubles Points ROOKIE
STEPHEN BELL,STEPHEN BELL (CT),1144/1347 Singles/Doubles Points ROOKIE
Ray Robichaud,Ray Robichaud (CAN),1019/1132 Singles/Doubles Points ROOKIE
Jack Basden,"Jack ""Badass"" D Basden (TX)",1800/1800 Singles/Doubles Points AMATEUR
Aaron Carter,"Jack ""Badass"" D Basden (TX)",1800/1800 Singles/Doubles Points AMATEUR
Trevan Sheppard,Aaron Carter (TX),1300/1560 Singles/Doubles Points AMATEUR
Vance Tran,Vance Tran (KS),200/200 Singles/Doubles Points JUNIOR AMATEUR
ROBERT GUERNSEY,ROBERT GUERNSEY (CO),801/801 Singles/Doubles Points BEGINNER
BEN TALATI,BEN TALATI (MN),1800/1924 Singles/Doubles Points AMATEUR
Allen Heard,Allen Heard (MA),1239/1923 Singles/Doubles Points AMATEUR
Francisco MARQUEZ,Francisco MARQUEZ (NV),800/800 Singles/Doubles Points BEGINNER
Bing Yep,Bing Yep (CA),806/806 Singles/Doubles Points BEGINNER
DAMON KETELSEN,DAMON KETELSEN (CA),1800/1800 Singles/Doubles Points AMATEUR
JEROMY ORTEGA,JEROMY ORTEGA (CA),1216/1208 Singles/Doubles Points ROOKIE
TONY MIRELES,TONY MIRELES (TX),1802/2163 Singles/Doubles Points EXPERT
Eduardo Benitez,Eduardo Benitez (UY),1784/1764 Singles/Doubles Points AMATEUR
Bryan Robinson,Bryan Robinson (CO),898/809 Singles/Doubles Points BEGINNER
Luis Martinez,Luis Martinez (CO),881/1138 Singles/Doubles Points ROOKIE
Jared Wilkins,Jared Wilkins (MN),982/1140 Singles/Doubles Points ROOKIE
DANA Brewer,DANA Brewer (FL),800/1127 Singles/Doubles Points 872/849 Women's Singles/Doubles Points BEGINNER
Robert RALSTON,Chris Robert RALSTON (CO),801/1061 Singles/Doubles Points ROOKIE
David Delucq,David Delucq (FR),1800/1800 Singles/Doubles Points AMATEUR
DEREK BORGE,DEREK BORGE (NV),1628/1196 Singles/Doubles Points AMATEUR
Victor LE,Victor LE (CAN),1148/1468 Singles/Doubles Points ROOKIE
Don Fielding,Don Fielding (CAN),865/1000 Singles/Doubles Points ROOKIE
John Allan,John Allan (CAN),1010/809 Singles/Doubles Points ROOKIE
Kevin Weadock,Kevin Weadock (NJ),1631/1158 Singles/Doubles Points AMATEUR
JIM PROVOST,JIM PROVOST (PA),952/1092 Singles/Doubles Points ROOKIE
Ben Rothenberg,Ben Rothenberg (CO),801/1001 Singles/Doubles Points ROOKIE
Magid (MJ) Darai,Magid (MJ) Daraie (CA),801/874 Singles/Doubles Points BEGINNER
Nicholas Hendrickx,Nicholas Hendrickx (IL),884/1020 Singles/Doubles Points ROOKIE
Jesse RAMIREZ,Jesse RAMIREZ (CA),800/877 Singles/Doubles Points BEGINNER
April Harrison,April Harrison (CA),800/878 Singles/Doubles Points 800/816 Women's Singles/Doubles Points BEGINNER
Dave Vacha,Dave Vacha (ND),1077/1005 Singles/Doubles Points ROOKIE
BETTY BARNETT,BETTY BARNETT (TX),801/801 Singles/Doubles Points 847/846 Women's Singles/Doubles Points BEGINNER
Vera Urbanovich,Vera Urbanovich (CA),800/808 Singles/Doubles Points 816/832 Women's Singles/Doubles Points BEGINNER
Ronnie Davis,Ronnie Davis (OK),837/1115 Singles/Doubles Points ROOKIE
ALEC CAMPOBASSO,ALEC CAMPOBASSO (CA),800/800 Singles/Doubles Points BEGINNER
Alan Woods,Alan Woods (OR),800/800 Singles/Doubles Points BEGINNER
KEVIN MANNARINO,KEVIN MANNARINO (CO),800/800 Singles/Doubles Points BEGINNER
Heather Weixel,Heather Weixel (ND),1027/1027 Singles/Doubles Points 1027/1027 Women's Singles/Doubles Points ROOKIE
Keith Kinard,Keith Kinard (FL),909/1023 Singles/Doubles Points ROOKIE
Hannah Yager,Hannah Yager (NY),900/1046 Singles/Doubles Points 1005/1005 Women's Singles/Doubles Points ROOKIE
Paul Schlough,Paul Schlough (CO),800/800 Singles/Doubles Points BEGINNER
Wyatt Stevens,Wyatt Stevens (CA),800/800 Singles/Doubles Points BEGINNER
Steve Taylor,Steve Taylor (AZ),800/800 Singles/Doubles Points BEGINNER
John Greenley,John Greenley (PA),805/1113 Singles/Doubles Points ROOKIE
Susan Steck,Susan Steck (CA),800/800 Singles/Doubles Points 800/800 Women's Singles/Doubles Points BEGINNER
Michael Gilbert,Michael Gilbert (NV),800/876 Singles/Doubles Points BEGINNER
Elaine Quon,Elaine Quon (CAN),800/800 Singles/Doubles Points 800/800 Women's Singles/Doubles Points BEGINNER
Arnold BRIZUELA,Arnold BRIZUELA (NV),800/800 Singles/Doubles Points BEGINNER
Peggy Hegler,Peggy Hegler (CO),801/801 Singles/Doubles Points 801/801 Women's Singles/Doubles Points BEGINNER
Kelly ADAMS,KELLY ADAMS (CO),1800/1800 Singles/Doubles Points AMATEUR
Dan Dubbeld,Dan Dubbeld (IL),813/1046 Singles/Doubles Points ROOKIE
Brendan ODonnell,Brendan ODonnell (NJ),800/831 Singles/Doubles Points BEGINNER
MICHAEL MANNARINO,MICHAEL MANNARINO (CO),800/800 Singles/Doubles Points BEGINNER
SABRINA LUND,SABRINA LUND (NV),801/801 Singles/Doubles Points 801/801 Women's Singles/Doubles Points BEGINNER
DARCY SCAIFE,DARCY SCAIFE (CAN),2960/2315 Singles/Doubles Points EXPERT
John Lee,John Lee (MD),3084/3171 Singles/Doubles Points PRO
Mike Billirakis,Mike Billirakis (IL),3154/3083 Singles/Doubles Points PRO
Kenneth Dale,Kenneth Dale (PE),2999/2362 Singles/Doubles Points EXPERT
SEAN LOTTERHOS,SEAN LOTTERHOS (NY),2505/2890 Singles/Doubles Points EXPERT
Jack Huang,Jack Huang (TW),2392/2192 Singles/Doubles Points EXPERT
Vincent Mok,Vincent Mok (HK),2836/2714 Singles/Doubles Points EXPERT
Frederic TRAVERS,Frederic TRAVERS (FR),2424/2368 Singles/Doubles Points EXPERT
EYAD AHMAD,EYAD AHMAD (KW),2547/2235 Singles/Doubles Points EXPERT
STEPHEN LYALL,STEPHEN LYALL (GB),2008/2153 Singles/Doubles Points EXPERT
MIKE CAMPAGNA,MIKE CAMPAGNA (FL),2933/3008 Singles/Doubles Points PRO
Jay Alaei,Jay Alaei (FL),3161/3046 Singles/Doubles Points PRO
WILL STRANKS,WILL STRANKS (CAN),2694/2952 Singles/Doubles Points EXPERT
RYAN HARVEY,RYAN HARVEY (OR),2494/2324 Singles/Doubles Points EXPERT
TOKUYA KOJIMA,TOKUYA KOJIMA (JP),1952/2220 Singles/Doubles Points EXPERT
Zuodong Shan,Zuodong Shan (TW),2740/2768 Singles/Doubles Points EXPERT
Bo Keener,Bo Keener (OK),2708/2631 Singles/Doubles Points EXPERT
JOHN DAVIS,"JOHN ""The Pinalyzer ! ! !"" DAVIS (AZ)",2579/2619 Singles/Doubles Points EXPERT
HANI NAJJAR,"JOHN ""The Pinalyzer ! ! !"" DAVIS (AZ)",2579/2619 Singles/Doubles Points EXPERT
TJ TOOZ,HANI NAJJAR (CA),2427/2349 Singles/Doubles Points EXPERT
LUIS FITCH,LUIS FITCH (CA),2737/2363 Singles/Doubles Points EXPERT
Dan Packer,Dan Packer (CAN),2328/2525 Singles/Doubles Points EXPERT
Filip Kubiatowicz,Filip Kubiatowicz (PL),2802/2756 Singles/Doubles Points EXPERT
Blagovesta Gerova,Blagovesta Gerova (BG),2752/2734 Singles/Doubles Points 3437/3232 Women's Singles/Doubles Points PRO
Midori Kimura,Midori Kimura (FL),2538/3172 Singles/Doubles Points 5408/5309 Women's Singles/Doubles Points MASTER
TONY TONG,TONY TONG (CAN),2294/2267 Singles/Doubles Points EXPERT
Rasel Ochana,Rasel Ochana (IL),2563/3042 Singles/Doubles Points PRO
Kyle Moss,Kyle Moss (CA),2746/3062 Singles/Doubles Points PRO
Alexander Cuba,Alexander Cuba (PE),2694/2766 Singles/Doubles Points EXPERT
SCOTT RAMSAY,SCOTT RAMSAY (NY),2420/2731 Singles/Doubles Points EXPERT
TIM WALTERS,TIM WALTERS (CO),1992/2165 Singles/Doubles Points EXPERT
MIKE SPLAINE,MIKE SPLAINE (NV),2531/2247 Singles/Doubles Points EXPERT
Julian Wortmann,Julian Wortmann (DE),2384/2440 Singles/Doubles Points EXPERT
Patric Kaiser,Patric Kaiser (CH),2792/3043 Singles/Doubles Points PRO
Felix Droese,Felix Droese (DE),2828/3274 Singles/Doubles Points PRO
John CUNNINGHAM,John CUNNINGHAM (TN),2292/2201 Singles/Doubles Points EXPERT
CHAD MCCLURE,CHAD MCCLURE (TX),1840/2114 Singles/Doubles Points EXPERT
RANDY CHAVEZ,RANDY CHAVEZ (TX),2791/2999 Singles/Doubles Points EXPERT
Stefan Stamerra,Stefan Stamerra (LU),1800/2108 Singles/Doubles Points EXPERT
JACKSON HALLIWELL,JACKSON HALLIWELL (TX),2238/2580 Singles/Doubles Points EXPERT
DELIZA BAUMBACH,DELIZA BAUMBACH (TX),2160/2428 Singles/Doubles Points 5286/4817 Women's Singles/Doubles Points MASTER
KOPIY CAM,KOPIY CAM (OR),2358/1948 Singles/Doubles Points EXPERT
Marlin Sielfeld,Marlin Sielfeld (DE),2412/2464 Singles/Doubles Points EXPERT
Arron Ingold,Arron Ingold (CA),2779/2612 Singles/Doubles Points EXPERT
ROBERTO LORIA,Arron Ingold (CA),2779/2612 Singles/Doubles Points EXPERT
GARRICK WRENN,ROBERTO LORIA (CR),2500/2640 Singles/Doubles Points EXPERT
TONY ROSA,TONY ROSA (NY),2350/2358 Singles/Doubles Points EXPERT
Matthew WEBER,Matthew WEBER (LA),2295/2372 Singles/Doubles Points EXPERT
WAYNE WICKS,WAYNE WICKS (CAN),2521/2372 Singles/Doubles Points EXPERT
RANDY KLITZ,RANDY KLITZ (MI),2317/2218 Singles/Doubles Points EXPERT
Eli Tenner,Eli Tenner (CO),1000/1853 Singles/Doubles Points AMATEUR
SIMON EDWARDS,SIMON EDWARDS (CAN),2411/2835 Singles/Doubles Points EXPERT
Jason Wicks,Jason Wicks (TX),2832/3101 Singles/Doubles Points PRO
Mohammed Uddin,Mohammed Uddin (CA),2312/4034 Singles/Doubles Points PRO
EDAN STACHELEK,EDAN STACHELEK (CA),2378/2318 Singles/Doubles Points EXPERT
Tom Mosher,"Tom ""masterfoos"" Mosher (CA)",2022/2063 Singles/Doubles Points EXPERT
Vincent Mosse,Vincent Mosse (FR),2212/2092 Singles/Doubles Points EXPERT
NINO DIJOHN,NINO DIJOHN (NY),2082/2940 Singles/Doubles Points EXPERT
DUSTY BAMBENEK,DUSTY BAMBENEK (OH),2180/3298 Singles/Doubles Points 5260/5367 Women's Singles/Doubles Points MASTER
MARCUS POPA,MARCUS POPA (OK),2059/1846 Singles/Doubles Points EXPERT
Johan Hannerstal,Johan Hannerstal (DK),2712/2714 Singles/Doubles Points EXPERT
DAVID CHAPMAN,DAVID CHAPMAN (VA),1182/1182 Singles/Doubles Points ROOKIE
NICK FURCI,NICK FURCI (CA),1816/1890 Singles/Doubles Points AMATEUR
Bill Winchester,Bill Winchester (MN),2058/2592 Singles/Doubles Points EXPERT
RICHARD MARSH,RICHARD MARSH (GB),2325/2192 Singles/Doubles Points EXPERT
JEFF IGE,JEFF IGE (CA),2198/2032 Singles/Doubles Points EXPERT
Troy GUILBEAUX,Troy R GUILBEAUX (LA),2410/2693 Singles/Doubles Points EXPERT
Serge Lutz,Serge Lutz (CH),2696/2722 Singles/Doubles Points EXPERT
MICHAEL MENDOZA,MICHAEL MENDOZA (AZ),1668/1319 Singles/Doubles Points AMATEUR
Radek Drda,Radek Drda (CZ),2708/2901 Singles/Doubles Points EXPERT
Ellen Moon,"Ellen ""E S P"" Moon (NY)",2071/2445 Singles/Doubles Points 2925/3196 Women's Singles/Doubles Points PRO
Estelle Jacquot,Estelle Jacquot (FR),2720/2752 Singles/Doubles Points 3116/3100 Women's Singles/Doubles Points PRO
Diego Zuniga,Diego Zuniga (PE),2712/2698 Singles/Doubles Points EXPERT
Mike Kyriss,Mike Kyriss (CA),2287/2388 Singles/Doubles Points EXPERT
JASON COLEMAN,JASON COLEMAN (MN),1808/1800 Singles/Doubles Points AMATEUR
Iveta Rakovicsova,Iveta Rakovicsova (SK),2878/2750 Singles/Doubles Points 3531/3453 Women's Singles/Doubles Points PRO
Dan Tyvoll,Dan Tyvoll (CA),2048/1932 Singles/Doubles Points EXPERT
JEROME MARIA,JEROME MARIA (NM),2068/2160 Singles/Doubles Points EXPERT
Alex Pipkin,Alex Pipkin (MT),1298/1258 Singles/Doubles Points ROOKIE
Garret Clark,Garret Clark (OK),2024/2301 Singles/Doubles Points EXPERT
Matteo Gadioli,Matteo Gadioli (FL),924/1215 Singles/Doubles Points ROOKIE
KEN WILLIAMS,KEN WILLIAMS (AL),1990/1960 Singles/Doubles Points AMATEUR
Patrick EUL,Patrick EUL (CO),1999/2060 Singles/Doubles Points EXPERT
CHRIS FOLSOM,CHRIS FOLSOM (GA),2439/2278 Singles/Doubles Points EXPERT
Mario TOMOV,Mario TOMOV (BG),2112/2084 Singles/Doubles Points EXPERT
Bryce WOOLDRIDGE,Bryce WOOLDRIDGE (WA),2189/2160 Singles/Doubles Points EXPERT
JASON SHOVLAIN,JASON SHOVLAIN (NE),2210/2158 Singles/Doubles Points EXPERT
JENNIFER CARON,JENNIFER CARON (MA),1888/2111 Singles/Doubles Points 3218/3246 Women's Singles/Doubles Points PRO
Maxime Blin,Maxime Blin (FR),2750/2772 Singles/Doubles Points EXPERT
CHRISTINA FUCHS,CHRISTINA FUCHS (CA),2200/2325 Singles/Doubles Points 5280/5280 Women's Singles/Doubles Points MASTER
DAVID SQUIRES,CHRISTINA FUCHS (CA),2200/2325 Singles/Doubles Points 5280/5280 Women's Singles/Doubles Points MASTER
TRACI BRUBAKER,DAVID SQUIRES (WA),1988/1928 Singles/Doubles Points AMATEUR
RAYMOND CORDOVA,RAYMOND CORDOVA (CO),1984/2266 Singles/Doubles Points EXPERT
Robert Ploeger,RAYMOND CORDOVA (CO),1984/2266 Singles/Doubles Points EXPERT
JOLLY LEWIS,Robert Ploeger (CN),2736/2800 Singles/Doubles Points EXPERT
DAVE ROSS,DAVE ROSS (CO),2072/2144 Singles/Doubles Points EXPERT
ALAN MONTRONE,ALAN MONTRONE (FL),2055/2905 Singles/Doubles Points EXPERT
Jeff Molnar,Jeff Molnar (OR),1908/2680 Singles/Doubles Points EXPERT
Brennan Louque,Brennan Louque (LA),828/1032 Singles/Doubles Points ROOKIE
KENNY RIVERA,KENNY RIVERA (OR),1800/1936 Singles/Doubles Points AMATEUR
KAZUMI MURAKOSHI,KAZUMI MURAKOSHI (JP),2108/2100 Singles/Doubles Points EXPERT
MIKE HOLBERT,MIKE HOLBERT (OR),1800/1800 Singles/Doubles Points AMATEUR
Vincent Lucano,Vincent Lucano (FR),2684/2768 Singles/Doubles Points EXPERT
Yulian PENEV,Yulian PENEV (BG),2340/2384 Singles/Doubles Points EXPERT
DEAN SANTACRUZ,DEAN SANTACRUZ (IL),1784/1883 Singles/Doubles Points AMATEUR
Amy Eckhart,Amy Eckhart (CO),1784/2172 Singles/Doubles Points 4066/4158 Women's Singles/Doubles Points PRO
Fadi Gobran,Fadi Gobran (CA),2210/2234 Singles/Doubles Points EXPERT
CHRISTIAN DUNN,CHRISTIAN DUNN (CAN),2421/3024 Singles/Doubles Points PRO
DAMON SCHOGGINS,DAMON SCHOGGINS (TX),1980/2155 Singles/Doubles Points EXPERT
Donald Wilson,"Donald ""The Hammer"" R Wilson (MS)",2533/2785 Singles/Doubles Points EXPERT
Sullivan RUE,Sullivan RUE (LA),1500/2225 Singles/Doubles Points 3598/3475 Women's Singles/Doubles Points PRO
JAMES BERDAHL,JAMES BERDAHL (SD),2190/2094 Singles/Doubles Points EXPERT
DARREN CARTER,DARREN CARTER (CAN),1976/1872 Singles/Doubles Points AMATEUR
JOHN MERCER,JOHN MERCER (NV),1340/1379 Singles/Doubles Points ROOKIE
Antoine BLIN,Antoine BLIN (FR),1708/1700 Singles/Doubles Points AMATEUR
Steven RUIZ,Steven RUIZ (LA),1005/1071 Singles/Doubles Points ROOKIE
Mark Anderson,Mark Anderson (LA),1003/1242 Singles/Doubles Points ROOKIE
JEREMY PROWANT,JEREMY PROWANT (NV),1200/1248 Singles/Doubles Points ROOKIE
CODY BYRE,CODY BYRE (WA),4319/4866 Singles/Doubles Points PRO
JUSTIN SHAW,JUSTIN SHAW (OR),3771/5380 Singles/Doubles Points MASTER
RICH FOSNER,RICH FOSNER (WA),3850/3995 Singles/Doubles Points PRO
Greg Mendel,Greg Mendel (IN),3880/3803 Singles/Doubles Points PRO
Shawn Schaad,Shawn Schaad (NV),801/801 Singles/Doubles Points BEGINNER
Hiromi Okamura,Hiromi Okamura (JP),4502/4600 Singles/Doubles Points PRO
Mitchell Zook,Mitchell Zook (CA),1200/1216 Singles/Doubles Points ROOKIE
Brandon Moreland,Brandon Moreland (TX),5562/5564 Singles/Doubles Points MASTER
HIROYUKI MUTA,HIROYUKI MUTA (JA),1800/1800 Singles/Doubles Points AMATEUR
Thomas Ziegler,Thomas Ziegler (CH),3004/3020 Singles/Doubles Points PRO
DERON BONE,DERON BONE (NC),2608/2742 Singles/Doubles Points EXPERT
Olavo Tavares,"Olavo ""VIPER"" J Tavares (CAN)",3674/3639 Singles/Doubles Points PRO
Michael Kim,Michael Kim (CA),801/1032 Singles/Doubles Points ROOKIE
KEITH THIBODEAUX,KEITH THIBODEAUX (LA),800/800 Singles/Doubles Points BEGINNER
Jerry Schonfeld,Jerry Schonfeld (NY),1294/2087 Singles/Doubles Points EXPERT
KARLA WOOLVERTON,KARLA WOOLVERTON (IL),1632/1729 Singles/Doubles Points 2331/2364 Women's Singles/Doubles Points EXPERT
Pascal NATER,Pascal NATER (CH),3052/3020 Singles/Doubles Points PRO
MIKE SIERRA,MIKE SIERRA (UT),2026/2084 Singles/Doubles Points EXPERT
Holly Minnig,Holly Minnig (AZ),801/881 Singles/Doubles Points 801/801 Women's Singles/Doubles Points BEGINNER
Mike Johnston,Mike Johnston (CAN),800/1050 Singles/Doubles Points ROOKIE
Daniel Ryan,Daniel Ryan (NV),800/920 Singles/Doubles Points BEGINNER
HUGO TAVARES,HUGO TAVARES (CAN),2189/2062 Singles/Doubles Points EXPERT
GERRY MEISTER,GERRY MEISTER (CAN),3004/3064 Singles/Doubles Points PRO
Tony SPREDEMAN,"Tony ""spree"" SPREDEMAN (FL)",5716/5767 Singles/Doubles Points MASTER
Robert Atha,Robert Atha (GB),5520/5560 Singles/Doubles Points MASTER
Ryan Moore,Ryan Moore (OK),5478/5658 Singles/Doubles Points MASTER
Thomas Haas,Thomas Haas (DE),3282/3096 Singles/Doubles Points PRO
ROBERT MARES,"ROBERT ""Rapid Rob"" MARES (CO)",5455/5531 Singles/Doubles Points MASTER
James Castillo,"James ""sparky"" P Castillo (CA)",4520/4048 Singles/Doubles Points PRO
TOMMY YORE,TOMMY YORE (FL),4741/4779 Singles/Doubles Points PRO
Mario Iannuzzi,Mario Iannuzzi (CAN),4767/4896 Singles/Doubles Points PRO
TODD LOFFREDO,"TODD ""The Duke"" LOFFREDO (CO)",5488/5640 Singles/Doubles Points MASTER
Trevor PARK,Trevor PARK (CA),5440/5420 Singles/Doubles Points MASTER
Terry RUE,Terry RUE (LA),5470/5510 Singles/Doubles Points MASTER
ADRIAN ZAMORA,ADRIAN ZAMORA (CA),5430/5500 Singles/Doubles Points MASTER
Blake ROBERTSON,Blake ROBERTSON (FL),5522/5639 Singles/Doubles Points MASTER
Ben Willfort,Ben Willfort (AT),3635/2976 Singles/Doubles Points PRO
PAUL SMITH,PAUL SMITH (MO),5227/5369 Singles/Doubles Points MASTER
DANIEL LUERAS,DANIEL LUERAS (CO),4390/3962 Singles/Doubles Points PRO
Pascal Salzgeber,Pascal Salzgeber (CH),3124/3393 Singles/Doubles Points PRO
Geza Kiss,Geza Kiss (HU),3184/3108 Singles/Doubles Points PRO
Bill HAYDON,Bill HAYDON (KY),3118/4517 Singles/Doubles Points PRO
PATRICK LYONS,PATRICK LYONS (IL),2548/2697 Singles/Doubles Points EXPERT
DANIEL ZEPEDA,DANIEL ZEPEDA (TX),3313/3061 Singles/Doubles Points PRO
TRACY MCMILLIN,TRACY MCMILLIN (TX),5425/5440 Singles/Doubles Points MASTER
Kevin Romero,Kevin Romero (),4199/4049 Singles/Doubles Points PRO
DOUG RENGEL,DOUG RENGEL (MN),3096/3148 Singles/Doubles Points PRO
Brandon Munoz,Brandon Munoz (CR),4272/3762 Singles/Doubles Points PRO
Giuliano Bentivoglio,Giuliano Bentivoglio (BE),3196/3224 Singles/Doubles Points PRO
KANE GABRIEL,KANE GABRIEL (CO),5322/5415 Singles/Doubles Points MASTER
Nhu Tran,Nhu Tran (CAN),3331/4039 Singles/Doubles Points PRO
Gabor Rozsos,Gabor Rozsos (HU),3116/3108 Singles/Doubles Points PRO
Dan Sloan,Dan Sloan (CA),3821/4010 Singles/Doubles Points PRO
SEBASTIEN MECKES,SEBASTIEN MECKES (FR),3216/3224 Singles/Doubles Points PRO
SERGIE ARAGONES,SERGIE ARAGONES (CA),4658/5330 Singles/Doubles Points MASTER
ROBERT HAYS,ROBERT HAYS (OR),3345/3763 Singles/Doubles Points PRO
Matt MCCROREY,Matt MCCROREY (NY),3242/3463 Singles/Doubles Points PRO
DON SWAN,DON SWAN (AZ),5250/5320 Singles/Doubles Points MASTER
BRUCE NARDOCI,BRUCE NARDOCI (NC),3785/4136 Singles/Doubles Points PRO
Yannick Correia,Yannick Correia (LU),3132/3322 Singles/Doubles Points PRO
TAMAS CSIGE,TAMAS CSIGE (),3640/3448 Singles/Doubles Points PRO
Derek Brown,Derek Brown (OH),2534/3255 Singles/Doubles Points PRO
Adam Gilson,Derek Brown (OH),2534/3255 Singles/Doubles Points PRO
KEVIN WESTCOTT,Adam Gilson (CA),3814/3714 Singles/Doubles Points PRO
GREGG PERRIE,"GREGG ""Jeep"" PERRIE (CA)",5200/5200 Singles/Doubles Points MASTER
EVAN STACHELEK,EVAN STACHELEK (CA),4254/4351 Singles/Doubles Points PRO
BRUCE WELTIN,BRUCE WELTIN (MA),2238/2495 Singles/Doubles Points EXPERT
TUAN PHAN,TUAN PHAN (CAN),3310/3322 Singles/Doubles Points PRO
RICK MARTIN,RICK MARTIN (ID),2908/3084 Singles/Doubles Points PRO
TEDDY SPROUSE,TEDDY SPROUSE (UT),3264/3415 Singles/Doubles Points PRO
Martin Dousa,Martin Dousa (CZ),3172/3220 Singles/Doubles Points PRO
KURT ACKERMAN,KURT ACKERMAN (KY),3705/3788 Singles/Doubles Points PRO
RICK MACIAS,RICK MACIAS (NC),5230/5189 Singles/Doubles Points MASTER
Ekaterina Atanasova,Ekaterina Atanasova (BG),2784/2734 Singles/Doubles Points 3232/3232 Women's Singles/Doubles Points PRO
STEVE MORI,STEVE MORI (UT),3419/3282 Singles/Doubles Points PRO
RUSS KING,RUSS KING (CA),4800/4800 Singles/Doubles Points PRO
ERIK HUELTNER,ERIK HUELTNER (FL),3279/5325 Singles/Doubles Points MASTER
John ZOLLER,John ZOLLER (LA),3832/3711 Singles/Doubles Points PRO
Olivier Covos,Olivier Covos (FR),3116/3118 Singles/Doubles Points PRO
Michael Stahl,Michael Stahl (MI),2853/4011 Singles/Doubles Points PRO
MIKE GENTGEN,MIKE GENTGEN (FL),1948/3250 Singles/Doubles Points PRO
MARK CROWELL,MARK CROWELL (KS),2924/3036 Singles/Doubles Points PRO
Gaston Godoy,Gaston Godoy (AR),3028/3048 Singles/Doubles Points PRO
Cory TAYLOR,Cory R TAYLOR (LA),3400/3230 Singles/Doubles Points PRO
SANDRA RANFF,SANDRA RANFF (DE),2386/2370 Singles/Doubles Points 5260/5340 Women's Singles/Doubles Points MASTER
JERRY TODD,JERRY TODD (CO),2078/2714 Singles/Doubles Points EXPERT
PAUL RENKEN,PAUL RENKEN (CA),4246/4707 Singles/Doubles Points PRO
SHANE DONAHUE,SHANE DONAHUE (IL),1325/1255 Singles/Doubles Points ROOKIE
MARK KRAUS,MARK KRAUS (NE),3079/3601 Singles/Doubles Points PRO
MIKE CAMPOBASSO,MIKE CAMPOBASSO (CA),1442/1259 Singles/Doubles Points ROOKIE
SCOTT FAUCHER,SCOTT FAUCHER (CA),1200/1200 Singles/Doubles Points ROOKIE
Shelly Riter,Shelly Riter (NY),1247/1706 Singles/Doubles Points 2236/2316 Women's Singles/Doubles Points EXPERT
JIM KING,JIM KING (AZ),1200/1296 Singles/Doubles Points ROOKIE
DONNA CARROLL,DONNA CARROLL (OH),1216/1620 Singles/Doubles Points 2216/2275 Women's Singles/Doubles Points EXPERT
Bobby MARTIN,Bobby MARTIN (MS),1098/1301 Singles/Doubles Points ROOKIE
JOANN ALDACO,JOANN ALDACO (TX),812/898 Singles/Doubles Points 1075/1209 Women's Singles/Doubles Points ROOKIE
Heinz Kiessling,Heinz Kiessling (DE),2800/2800 Singles/Doubles Points EXPERT
Josef Cornelius,Josef Cornelius (DE),2800/2800 Singles/Doubles Points EXPERT
DAN BARBER,DAN BARBER (CO),2929/3017 Singles/Doubles Points PRO
Detlef Freitag,Detlef Freitag (DE),2800/2800 Singles/Doubles Points EXPERT
Wolfgang Lawall,Wolfgang Lawall (DE),2800/2800 Singles/Doubles Points EXPERT
Manfred Redel,Manfred Redel (DE),2600/2600 Singles/Doubles Points EXPERT
Martin Schirmer,Martin Schirmer (DE),2800/2800 Singles/Doubles Points EXPERT
James Dickson,James Dickson (AZ),1800/1800 Singles/Doubles Points AMATEUR
Yuki Kanamori,Yuki Kanamori (JP),1800/1800 Singles/Doubles Points 1851/2005 Women's Singles/Doubles Points EXPERT
Deanna Newton,Deanna Newton (GA),1100/1250 Singles/Doubles Points 1202/1308 Women's Singles/Doubles Points ROOKIE
Sandy Lueras,Sandy Lueras (CO),1100/1152 Singles/Doubles Points 1889/2012 Women's Singles/Doubles Points EXPERT
Daphne Wells,Daphne Wells (FL),819/1165 Singles/Doubles Points 1246/1988 Women's Singles/Doubles Points AMATEUR
Susana Cespedes,Susana Cespedes (CR),800/1081 Singles/Doubles Points 1005/1700 Women's Singles/Doubles Points AMATEUR
Alison CHORN,Alison Chorn (IN),800/857 Singles/Doubles Points 800/1005 Women's Singles/Doubles Points ROOKIE
Tiffany Marquez,Tiffany Marquez (UT),800/800 Singles/Doubles Points 800/800 Women's Singles/Doubles Points BEGINNER
SUSAN SAGHATOLESLAMI,SUSAN SAGHATOLESLAMI (CO),1608/1600 Singles/Doubles Points 1706/1793 Women's Singles/Doubles Points AMATEUR
Jackie HAN,Jackie HAN (TX),2044/2364 Singles/Doubles Points 5370/5392 Women's Singles/Doubles Points MASTER
LINDA LY,LINDA LY (CAN),2034/2382 Singles/Doubles Points 5360/5360 Women's Singles/Doubles Points MASTER
LIZ HILL,LIZ HILL (OK),2096/2717 Singles/Doubles Points 5322/5378 Women's Singles/Doubles Points MASTER
Kristin Grogan,Kristin Grogan (MD),2200/2947 Singles/Doubles Points 4243/5430 Women's Singles/Doubles Points MASTER
Ecaterina Sarbulescu,Ecaterina Sarbulescu (RO),2800/2750 Singles/Doubles Points 3232/3232 Women's Singles/Doubles Points PRO
CINDY HEAD,CINDY HEAD (AL),2371/2216 Singles/Doubles Points 5272/5362 Women's Singles/Doubles Points MASTER
Melissa Dias,Melissa Dias (CH),2800/2776 Singles/Doubles Points 3132/3084 Women's Singles/Doubles Points PRO
ADRIANNE LEE,ADRIANNE LEE (CAN),2186/2541 Singles/Doubles Points 5340/5310 Women's Singles/Doubles Points MASTER
Shelly Langley,Shelly Langley (CO),2200/2477 Singles/Doubles Points 5220/5270 Women's Singles/Doubles Points MASTER
Kelly Wyant,Kelly Wyant (CA),1800/1788 Singles/Doubles Points 2248/2200 Women's Singles/Doubles Points EXPERT
DAWN DUQUETTE,DAWN A DUQUETTE (CO),1800/1892 Singles/Doubles Points 3918/4019 Women's Singles/Doubles Points PRO
Cindy Kubiatowicz,Cindy Kubiatowicz (CH),2800/2800 Singles/Doubles Points 3184/3216 Women's Singles/Doubles Points PRO
Keisha RUE,Keisha RUE (LA),2024/2276 Singles/Doubles Points 5230/5330 Women's Singles/Doubles Points MASTER
GENA MURRAY,GENA MURRAY (TX),2342/2739 Singles/Doubles Points 5240/5320 Women's Singles/Doubles Points MASTER
DAWN FOUST,DAWN FOUST (GA),1800/1800 Singles/Doubles Points 3975/4091 Women's Singles/Doubles Points PRO
Jennifer Ngai,Jennifer Ngai (CAN),1800/1800 Singles/Doubles Points 2184/2274 Women's Singles/Doubles Points EXPERT
KATHY BRAINARD,KATHY BRAINARD (WA),1812/1800 Singles/Doubles Points 2369/2425 Women's Singles/Doubles Points EXPERT
Anja Schmid,Anja Schmid (CH),1800/1772 Singles/Doubles Points 2800/2800 Women's Singles/Doubles Points EXPERT
LAURA CONSTANTE,Anja Schmid (CH),1800/1772 Singles/Doubles Points 2800/2800 Women's Singles/Doubles Points EXPERT
JENNIFER CHI,LAURA CONSTANTE (OR),1800/1800 Singles/Doubles Points 2264/2280 Women's Singles/Doubles Points EXPERT
AMY POWERS,AMY M POWERS (CO),2084/2427 Singles/Doubles Points 5210/5220 Women's Singles/Doubles Points MASTER
BOBBY DIAZ,BOBBY DIAZ (FL),5325/5490 Singles/Doubles Points MASTER
TOMMY ADKISSON,TOMMY ADKISSON (OK),5460/5579 Singles/Doubles Points MASTER
TOM YORE,TOM YORE (FL),5416/5590 Singles/Doubles Points MASTER
CHUCK ROWSEY,CHUCK ROWSEY (UT),1832/1876 Singles/Doubles Points AMATEUR
