A PANAGOPOULOUS,A PANAGOPOULOUS (NY),1182/1182 Singles/Doubles Points ROOKIE
A.C. Davis,A.C. Davis (NC),2282/2217 Singles/Doubles Points EXPERT
A.J. Adleman,A.J. Adleman (WI),1800/1800 Singles/Doubles Points AMATEUR
A.J. BROUSSARD,A.J. BROUSSARD (LA),1800/1800 Singles/Doubles Points AMATEUR
A.J. DANDREA,A.J. DANDREA (NY),1800/1800 Singles/Doubles Points AMATEUR
A.J. GAGNON,A.J. GAGNON (NY),1800/1800 Singles/Doubles Points AMATEUR
A.J. VIZZI,A.J. VIZZI (FL),1800/1800 Singles/Doubles Points AMATEUR
Aanjii Mitchell,Aanjii Mitchell (MI),400/400 Singles/Doubles Points JUNIOR AMATEUR
AARON ASHFORD,AARON ASHFORD (OK),1800/1800 Singles/Doubles Points AMATEUR
AARON AUCLAIRE,AARON AUCLAIRE (MT),1800/1800 Singles/Doubles Points AMATEUR
AARON BARRERA,AARON BARRERA (TX),1800/1800 Singles/Doubles Points AMATEUR
AARON BEGHTEL,AARON BEGHTEL (IA),1800/1800 Singles/Doubles Points AMATEUR
AARON BROWN,AARON BROWN (CO),889/801 Singles/Doubles Points BEGINNER
AARON BURBACK,AARON BURBACK (CO),1800/1800 Singles/Doubles Points AMATEUR
AARON BUTTREY,AARON BUTTREY (),1800/1800 Singles/Doubles Points AMATEUR
Aaron Carter,Aaron Carter (TX),1300/1560 Singles/Doubles Points AMATEUR
Aaron Caruso,Aaron Caruso (MD),800/800 Singles/Doubles Points BEGINNER
Aaron Courtney,Aaron Courtney (OH),812/890 Singles/Doubles Points BEGINNER
AARON CRISWELL,AARON CRISWELL (TX),1182/1182 Singles/Doubles Points ROOKIE
AARON CURTIS,AARON CURTIS (MS),1800/1800 Singles/Doubles Points AMATEUR
AARON DIXON,AARON DIXON (CA),1800/1800 Singles/Doubles Points AMATEUR
AARON DUDLA,AARON DUDLA (NY),1800/1800 Singles/Doubles Points AMATEUR
AARON ESTES,AARON ESTES (KS),1800/1800 Singles/Doubles Points AMATEUR
AARON FAGEL,AARON FAGEL (CA),1800/1800 Singles/Doubles Points AMATEUR
