MAX BASDEN,MAX BASDEN (TX),1800/1800 Singles/Doubles Points AMATEUR
Max Berent-Spillson,Max Berent-Spillson (MI),801/801 Singles/Doubles Points BEGINNER
MAX BETANCOURT,MAX BETANCOURT (TX),1800/1800 Singles/Doubles Points AMATEUR
MAX COBERLY,MAX COBERLY (CA),1800/1800 Singles/Doubles Points AMATEUR
Max Cole,Max Cole (KY),400/400 Singles/Doubles Points JUNIOR AMATEUR
MAX COOPER,MAX COOPER (IN),1800/1800 Singles/Doubles Points AMATEUR
Max Dombrowski,Max Dombrowski (Berlin),1600/1600 Singles/Doubles Points AMATEUR
Max Dreher,Max Dreher (Münchweiler),1600/1600 Singles/Doubles Points AMATEUR
Max Drobick,Max Drobick (),1600/1600 Singles/Doubles Points AMATEUR
MAX FAIZ,MAX FAIZ (UT),811/811 Singles/Doubles Points BEGINNER
max favro,max favro (NY),200/200 Singles/Doubles Points JUNIOR AMATEUR
MAX FIRTH,MAX FIRTH (UT),802/802 Singles/Doubles Points BEGINNER
MAX GATTI,DAVID MAX GATTI (TX),1800/1800 Singles/Doubles Points AMATEUR
Max Hempel,DAVID MAX GATTI (TX),1800/1800 Singles/Doubles Points AMATEUR
Max Hoyer,Max Hempel (Hürth),1600/1600 Singles/Doubles Points AMATEUR
MAX KARAUSEINOV,MAX KARAUSEINOV (NJ),1800/1800 Singles/Doubles Points AMATEUR
Max Lovejoy,Max Lovejoy (MI),1167/1140 Singles/Doubles Points ROOKIE
Max Malina,Max Malina (CAN),1104/1005 Singles/Doubles Points ROOKIE
MAX MEYER,MAX MEYER (WI),1800/1800 Singles/Doubles Points AMATEUR
MAX MURTA,MAX MURTA (WA),1800/1800 Singles/Doubles Points AMATEUR
MAX ROEMHILD,MAX ROEMHILD (MN),1800/1800 Singles/Doubles Points AMATEUR
Max Rogers,Max Rogers (),400/400 Singles/Doubles Points JUNIOR AMATEUR
MAX SNEED,MAX SNEED (TX),1800/1800 Singles/Doubles Points AMATEUR
Max Striedner,Max Striedner (AT),1504/1296 Singles/Doubles Points AMATEUR
MAX SYSK,MAX SYSK (FL),1800/1800 Singles/Doubles Points AMATEUR
Max Zimmermann,MAX SYSK (FL),1800/1800 Singles/Doubles Points AMATEUR
Maxim K.,Max Zimmermann (),1600/1600 Singles/Doubles Points AMATEUR
Maxime Blin,Maxime Blin (FR),2750/2772 Singles/Doubles Points EXPERT
Maxime Francoeur,Maxime Francoeur (Quebec),1182/1182 Singles/Doubles Points ROOKIE
Maximiliane Enthammer,Maximiliane Enthammer (Aßling),1600/1600 Singles/Doubles Points AMATEUR
Maximiliano Mita,Maximiliano Mita (),1600/1600 Singles/Doubles Points AMATEUR
Mckay Christensen,Mckay Christensen (),800/800 Singles/Doubles Points BEGINNER
Mckay Nelson,Mckay Nelson (UT),800/800 Singles/Doubles Points BEGINNER
MEGAN HICKMAN,MEGAN HICKMAN (OK),1800/1800 Singles/Doubles Points AMATEUR
Mehmet-Emin Arslan,Mehmet-Emin Arslan (Wedel),3100/3100 Singles/Doubles Points PRO
Meik Siebel,Meik Siebel (Siegen),1600/1600 Singles/Doubles Points AMATEUR
MEL GOCE,MEL GOCE (TX),1800/1800 Singles/Doubles Points AMATEUR
MEL REID,MEL REID (XX),1800/1800 Singles/Doubles Points AMATEUR
